,electronics,personal_care_products,office_supplies,jewelry,books,furniture_and_bedding,toys,home_garden,pet_products,grocery,nonprescription_drugs,tools_home_improvement,appliances,flowers_related_gifts,computers,sporting_goods,medical_equipment_and_supplies,apparel
2014-01-01,1.0,1.0,1.0,1.0,1.0,1.0,1.0,1.0,1.0,1.0,1.0,1.0,1.0,1.0,1.0,1.0,1.0,1.0
2014-02-01,0.997848629951477,0.9996041059494019,0.9910045862197876,0.9993628859519958,0.9377715587615967,0.9959006905555725,0.9822832345962524,0.9986870288848877,0.9966368079185486,1.0041191577911377,0.997931182384491,0.9980764389038086,0.9948691725730896,1.0620498657226562,0.991966962814331,1.0044152736663818,0.9972626566886902,1.0
2014-03-01,0.9919604659080505,0.9983578324317932,1.0023778676986694,1.0078905820846558,0.9044739603996277,0.995095431804657,0.9763918519020081,0.9974295496940613,0.9950605034828186,1.00192129611969,1.0042253732681274,0.9961981177330017,1.000417947769165,1.0016893148422241,0.9832280278205872,0.99360591173172,1.0021662712097168,0.9893618822097778
2014-04-01,0.9868257641792297,0.99793541431427,0.9950290322303772,1.0017235279083252,0.9044711589813232,1.0032213926315308,0.9754222631454468,0.9975393414497375,0.9941771626472473,0.9999158382415771,1.0019481182098389,0.9974005222320557,0.9882565140724182,1.0105777978897095,0.9737190008163452,0.9930857419967651,0.9965817928314209,0.9775065779685974
2014-05-01,0.9818921089172363,0.9981698989868164,1.0012807846069336,0.9965402483940125,0.9061588644981384,1.0035628080368042,0.9735572934150696,0.9974673390388489,0.9947133660316467,1.0013065338134766,0.9933853149414062,0.9954867362976074,0.976483941078186,1.035651683807373,0.9709047079086304,0.9854167699813843,0.9956651926040649,0.9548105597496033
2014-06-01,0.9697909951210022,0.9950713515281677,0.9958217144012451,0.9888889193534851,0.9132360816001892,1.0025066137313843,0.9564332365989685,0.9978641867637634,0.9969043135643005,0.9988583326339722,0.991317093372345,0.9951376914978027,0.9731892347335815,1.0172646045684814,0.9572797417640686,0.9777585864067078,0.9746299386024475,0.926271915435791
2014-07-01,0.964978814125061,0.9938045144081116,0.9886584877967834,0.9856016635894775,0.9172400832176208,0.9972737431526184,0.9461461901664734,0.9951572418212891,1.0012807846069336,1.0009167194366455,1.0002769231796265,0.9929137825965881,0.9592504501342773,1.019646167755127,0.9587740898132324,0.970535159111023,1.003093957901001,0.8785556554794312
2014-08-01,0.9539456963539124,0.9945189952850342,0.976790726184845,0.9815118908882141,0.9133028388023376,0.9954471588134766,0.9494755268096924,0.9939600229263306,1.0007352828979492,1.006453275680542,0.992057204246521,0.9919516444206238,0.967811644077301,1.0184623003005981,0.948286235332489,0.9651511311531067,0.9987977743148804,0.9583856463432312
2014-09-01,0.943143367767334,0.991399347782135,0.995216429233551,0.9784502387046814,0.9486114978790283,0.9967578053474426,0.9438289403915405,0.993034839630127,0.9992604851722717,1.0162311792373657,0.9921755790710449,0.9940945506095886,0.9754652976989746,1.0166841745376587,0.943405270576477,0.9649666547775269,1.0018566846847534,1.0088906288146973
2014-10-01,0.9319483637809753,0.9977701306343079,0.9836568236351013,0.9730679392814636,0.9610468149185181,1.0030783414840698,0.9350497722625732,0.9936467409133911,0.9973822236061096,1.016136646270752,0.9919957518577576,0.9968553185462952,0.9661802649497986,1.0209935903549194,0.9357269406318665,0.9619760513305664,1.0047303438186646,1.0291322469711304
2014-11-01,0.8946576118469238,0.993288516998291,0.9951377511024475,0.9544028043746948,0.9678932428359985,0.9890563488006592,0.9062780737876892,0.9853904843330383,0.9705454111099243,1.016933798789978,0.9896829128265381,0.9888085126876831,0.9199703931808472,1.0086687803268433,0.9033188819885254,0.9272518754005432,0.9949854612350464,1.0041396617889404
2014-12-01,0.9009851217269897,0.9922473430633545,0.9870952367782593,0.9532710313796997,0.9733970165252686,0.9849607944488525,0.8970879316329956,0.9835074543952942,0.9783534407615662,1.0181382894515991,0.9979404211044312,0.9930857419967651,0.9387118220329285,1.010710597038269,0.9087820053100586,0.930279552936554,0.9979239106178284,0.9851527810096741
2015-01-01,0.906675398349762,0.9923751950263977,0.9860750436782837,0.9539878964424133,0.9844242334365845,0.9912437796592712,0.9266533851623535,0.985895574092865,0.987762987613678,1.0263524055480957,0.9904451966285706,1.0015493631362915,0.9623478055000305,1.015485167503357,0.9112534523010254,0.9455083608627319,1.0036998987197876,0.9429797530174255
2015-02-01,0.8990656137466431,0.9949377179145813,0.9774825572967529,0.9538408517837524,0.9919047951698303,0.9911080002784729,0.9198959469795227,0.9871553182601929,0.992487907409668,1.027327299118042,0.9888370037078857,1.0010894536972046,0.96419757604599,1.0686535835266113,0.9011176228523254,0.9440400004386902,1.0078879594802856,0.9578964710235596
2015-03-01,0.8844163417816162,0.9719842076301575,0.9823320508003235,0.9559975266456604,1.0064480304718018,0.9894203543663025,0.9004438519477844,0.9863952994346619,0.9930657744407654,1.025223970413208,0.9850996732711792,0.9979204535484314,0.9643077254295349,1.0212173461914062,0.8891208171844482,0.9375181198120117,1.008739948272705,0.9573479890823364
2015-04-01,0.8766928315162659,0.9687487483024597,0.9724538326263428,0.9476504921913147,0.996859610080719,0.9907895922660828,0.9069569110870361,0.9840478301048279,0.9937673211097717,1.023768663406372,0.9888096451759338,0.9978998303413391,0.9550920128822327,1.0243611335754395,0.8725078701972961,0.9392290115356445,1.0021675825119019,0.9231827855110168
2015-05-01,0.8723243474960327,0.9618061780929565,0.9767382740974426,0.9409928321838379,0.9937469959259033,0.9881371855735779,0.9000876545906067,0.9799155592918396,0.9881153106689453,1.0226331949234009,0.9873407483100891,0.9938979148864746,0.9409034252166748,1.0507240295410156,0.8574727773666382,0.932932436466217,1.0033419132232666,0.9052874445915222
2015-06-01,0.8578692674636841,0.9560508728027344,0.9771052002906799,0.9280257225036621,0.9301717877388,0.9816042184829712,0.887505054473877,0.9752609729766846,0.9947049617767334,1.0212974548339844,0.986836314201355,0.9930180907249451,0.9435056447982788,1.0429039001464844,0.8394133448600769,0.9259241819381714,0.9920685291290283,0.8693897724151611
2015-07-01,0.8538035154342651,0.9571740031242371,0.9649954438209534,0.93266361951828,0.9563068747520447,0.9732038974761963,0.8872987031936646,0.9706639647483826,0.9953896403312683,1.0263301134109497,0.9918450117111206,0.9853513836860657,0.9215758442878723,1.0439708232879639,0.8351397514343262,0.9244725108146667,1.0023568868637085,0.8314894437789917
2015-08-01,0.8502833247184753,0.9571376442909241,0.9617586135864258,0.9270730018615723,0.9838823676109314,0.9746133685112,0.8862316608428955,0.9602954983711243,0.9910497069358826,1.0279159545898438,0.9878553748130798,0.9782792329788208,0.9294853806495667,1.0461039543151855,0.8257442712783813,0.9222327470779419,0.9952153563499451,0.8861261010169983
2015-09-01,0.8433942794799805,0.9430007338523865,0.9525222182273865,0.9221780896186829,0.9986146092414856,0.9747581481933594,0.8824196457862854,0.9599226713180542,0.9794123768806458,1.0302995443344116,0.983773946762085,0.9782070517539978,0.9201846122741699,1.0442618131637573,0.8190861940383911,0.9166756272315979,0.9937533140182495,0.9686813354492188
2015-10-01,0.8369254469871521,0.9493961334228516,0.944137454032898,0.9121962785720825,0.9989403486251831,0.9732740521430969,0.8719249367713928,0.9636486172676086,0.9834620952606201,1.0301681756973267,0.989668071269989,0.9787845015525818,0.9336158633232117,1.050269603729248,0.820218026638031,0.9103400707244873,1.002714991569519,1.0264537334442139
2015-11-01,0.7969321608543396,0.9438558220863342,0.9446200728416443,0.8883907794952393,0.9963944554328918,0.9520958662033081,0.8417720794677734,0.9533787965774536,0.9628942012786865,1.0289697647094727,0.984201192855835,0.9688401222229004,0.8687527775764465,1.0466417074203491,0.7873618006706238,0.8758506178855896,0.9938269853591919,1.0037740468978882
2015-12-01,0.8035470247268677,0.9571093320846558,0.9430279731750488,0.8912166953086853,0.9970900416374207,0.9737990498542786,0.8634513020515442,0.9551202654838562,0.9742907285690308,1.0278124809265137,0.9948126077651978,0.9725572466850281,0.9071550965309143,1.0474787950515747,0.7829970717430115,0.8949407339096069,1.0121678113937378,1.0101401805877686
2016-01-01,0.8123694658279419,0.9751811027526855,0.9548572897911072,0.8841367959976196,0.9956846237182617,0.9767649173736572,0.8906506896018982,0.9540053606033325,0.9833577871322632,1.033196210861206,0.9918796420097351,0.9758431911468506,0.9270486831665039,1.0489048957824707,0.7921397686004639,0.9036859273910522,1.0142382383346558,0.9867538213729858
2016-02-01,0.8073886036872864,0.9753463268280029,0.9551117420196533,0.877623438835144,0.9913737177848816,0.9666669368743896,0.8776580691337585,0.9537774920463562,0.9854844808578491,1.0350024700164795,0.9920802116394043,0.9756420850753784,0.9096819162368774,1.0793014764785767,0.7861708998680115,0.9020600318908691,1.0054875612258911,1.0321377515792847
2016-03-01,0.8011093139648438,0.9574825763702393,0.9366754293441772,0.8771262168884277,0.9842440485954285,0.967695415019989,0.8523022532463074,0.9524627327919006,0.9904554486274719,1.0303819179534912,0.9875959753990173,0.9762064814567566,0.9178674221038818,1.0482068061828613,0.7679874897003174,0.8937984704971313,1.0015208721160889,1.016493797302246
2016-04-01,0.7933386564254761,0.9633204340934753,0.9453155398368835,0.8678582906723022,0.9867681860923767,0.9626481533050537,0.8382539749145508,0.9528747200965881,0.9772301912307739,1.0287328958511353,0.9936603903770447,0.9745632410049438,0.9079914689064026,1.0467196702957153,0.7515519261360168,0.887771725654602,1.0011506080627441,1.0040217638015747
2016-05-01,0.7822939157485962,0.9572339653968811,0.9337977170944214,0.8805546760559082,0.9874133467674255,0.9545729756355286,0.8420226573944092,0.943161129951477,0.9797182679176331,1.026442289352417,0.9853271245956421,0.9691416621208191,0.8984799981117249,1.0690124034881592,0.7484577298164368,0.8843284845352173,0.9883500337600708,0.9825137853622437
2016-06-01,0.7681663036346436,0.9518064260482788,0.9504861235618591,0.8470612168312073,0.976621687412262,0.942009449005127,0.8443701863288879,0.9379217624664307,0.9760609865188599,1.0205644369125366,0.9902216792106628,0.9569124579429626,0.881901204586029,1.0631756782531738,0.736545205116272,0.8791046738624573,0.9863929748535156,0.9399806261062622
2016-07-01,0.7608754634857178,0.9482160806655884,0.9461104869842529,0.8316571116447449,0.9644404649734497,0.9403648972511292,0.8341419100761414,0.9335382580757141,0.9695642590522766,1.018383502960205,0.9929257035255432,0.9630873799324036,0.860991895198822,1.062308669090271,0.7278284430503845,0.8743930459022522,0.9921121597290039,0.9058424830436707
2016-08-01,0.756857693195343,0.9472448229789734,0.9412164092063904,0.8486480116844177,0.9678793549537659,0.9421729445457458,0.8363364338874817,0.9297158718109131,0.9672080874443054,1.018417477607727,0.9846502542495728,0.9642126560211182,0.8765771985054016,1.0610085725784302,0.7250999808311462,0.8696597814559937,0.9818556308746338,0.9664496779441833
2016-09-01,0.7533467411994934,0.9453799724578857,0.9440425038337708,0.8463348746299744,0.9617571830749512,0.9413093328475952,0.8292690515518188,0.9255750179290771,0.9746774435043335,1.0205061435699463,0.9856104850769043,0.9586189389228821,0.8636349439620972,1.060436487197876,0.7353560328483582,0.8663945198059082,0.9848498702049255,1.0052409172058105
2016-10-01,0.745861828327179,0.9481073617935181,0.94317626953125,0.8528613448143005,0.9700062870979309,0.9433436393737793,0.8195715546607971,0.9122200012207031,0.9713259935379028,1.020977258682251,0.9889607429504395,0.9576724171638489,0.8755435943603516,1.0605164766311646,0.7388293743133545,0.8658654093742371,0.9926211833953857,1.0349971055984497
2016-11-01,0.7058234214782715,0.9249892830848694,0.9447433948516846,0.8406303524971008,0.9440364837646484,0.9204602837562561,0.782515823841095,0.8856307864189148,0.954844057559967,1.0155977010726929,0.9887628555297852,0.9452688694000244,0.816966712474823,1.053755283355713,0.7236601710319519,0.8269051909446716,1.0003238916397095,0.975653350353241
2016-12-01,0.7253819704055786,0.9351922273635864,0.9438614249229431,0.8361026048660278,0.9603482484817505,0.936477780342102,0.8036198616027832,0.886570155620575,0.9744069576263428,1.0202393531799316,0.9929985404014587,0.9516602754592896,0.8656246066093445,1.0479485988616943,0.7320926785469055,0.8442668914794922,0.9980961084365845,0.9755547046661377
2017-01-01,0.7328678965568542,0.9454692006111145,0.9458179473876953,0.8035667538642883,0.9632623791694641,0.9424183964729309,0.8306367993354797,0.8881133794784546,0.985480785369873,1.0209723711013794,0.9919371604919434,0.9574427008628845,0.8800773024559021,1.0490134954452515,0.7285107970237732,0.8547770380973816,0.9991609454154968,0.9436608552932739
2017-02-01,0.7263410687446594,0.9400969743728638,0.9454644918441772,0.8040999174118042,0.9551301598548889,0.9318054914474487,0.8153205513954163,0.8819664120674133,0.9849361777305603,1.0248286724090576,0.9949057102203369,0.9565848708152771,0.8686432838439941,1.0869852304458618,0.7241077423095703,0.8473024368286133,0.9956825971603394,0.9668653607368469
2017-03-01,0.7276635766029358,0.9446604251861572,0.9454469084739685,0.7976362109184265,0.9425485730171204,0.9275056719779968,0.8106154203414917,0.8778358697891235,0.9837307333946228,1.0259246826171875,0.993500292301178,0.9546202421188354,0.8766123652458191,1.0443332195281982,0.7305693626403809,0.847503125667572,0.988499104976654,0.9694859385490417
2017-04-01,0.7223628163337708,0.9466800093650818,0.9433201551437378,0.8065119981765747,0.9354513883590698,0.925913393497467,0.798556387424469,0.8648005723953247,0.985135018825531,1.0263893604278564,0.992989182472229,0.9497462511062622,0.8723952174186707,1.047153115272522,0.7251040935516357,0.83609539270401,0.9763749837875366,0.9271725416183472
2017-05-01,0.7164652347564697,0.9432104229927063,0.9407323002815247,0.8195417523384094,0.9449138045310974,0.9071934819221497,0.7938871383666992,0.8612462282180786,0.9814820885658264,1.0212663412094116,0.9937597513198853,0.950377345085144,0.8594352006912231,1.0528693199157715,0.719157338142395,0.8333417177200317,0.9737359881401062,0.9112665057182312
2017-06-01,0.7155589461326599,0.9433019161224365,0.9392433166503906,0.8126043677330017,0.9450531005859375,0.9013144969940186,0.7932348251342773,0.8597380518913269,0.9813578724861145,1.0240787267684937,1.0001531839370728,0.9474027752876282,0.8461021184921265,1.0402911901474,0.7215995192527771,0.8299818634986877,0.9827178716659546,0.8717432022094727
2017-07-01,0.7090831398963928,0.9454368352890015,0.9382142424583435,0.8159693479537964,0.9251831769943237,0.8922842144966125,0.7871201038360596,0.8499783277511597,0.9807798266410828,1.0281002521514893,1.0028239488601685,0.949328601360321,0.8386102318763733,1.0421549081802368,0.7117390632629395,0.8304325938224792,0.978199303150177,0.8593790531158447
2017-08-01,0.7053589820861816,0.9458443522453308,0.9362117648124695,0.8142655491828918,0.9321001768112183,0.8893117904663086,0.7875304818153381,0.8517928123474121,0.9794541597366333,1.0301322937011719,1.000771403312683,0.9483900666236877,0.8514212369918823,1.0406888723373413,0.704025387763977,0.8393275141716003,0.9865704774856567,0.927172839641571
2017-09-01,0.7056583762168884,0.9463164806365967,0.9350206255912781,0.8125130534172058,0.9351959228515625,0.8873723149299622,0.7958129048347473,0.8480440378189087,0.9704020619392395,1.034195899963379,1.0017014741897583,0.9477503299713135,0.8442514538764954,1.0388048887252808,0.7080923318862915,0.8408821225166321,0.9898328185081482,0.9993449449539185
2017-10-01,0.7032316327095032,0.9486398100852966,0.9388803243637085,0.8174299597740173,0.9257615208625793,0.8900923132896423,0.7872576117515564,0.8466178178787231,0.982625424861908,1.0409321784973145,1.0073738098144531,0.9517595767974854,0.8529720306396484,1.0378614664077759,0.7062376141548157,0.8451371788978577,0.9912020564079285,1.0321290493011475
2017-11-01,0.6722610592842102,0.9470569491386414,0.9348063468933105,0.7946528792381287,0.922380268573761,0.8787758350372314,0.7559946775436401,0.8077517151832581,0.9877193570137024,1.0354019403457642,1.008283257484436,0.9426873922348022,0.7926775217056274,1.0250859260559082,0.6845715641975403,0.8179848194122314,0.980696439743042,1.02158522605896
2017-12-01,0.6834691166877747,0.9462879300117493,0.9297935962677002,0.8058554530143738,0.9025289416313171,0.8855835199356079,0.7636591196060181,0.8095577955245972,0.9874371290206909,1.0339932441711426,1.0073750019073486,0.9498255252838135,0.8344505429267883,1.0071719884872437,0.694354236125946,0.8198318481445312,0.9798493385314941,1.0059179067611694
2018-01-01,0.6933611631393433,0.9485223889350891,0.9336051344871521,0.8271106481552124,0.9208168387413025,0.8935844302177429,0.7993618845939636,0.8124876618385315,0.9915541410446167,1.0350162982940674,1.0066297054290771,0.9556066393852234,0.8504769206047058,1.0076874494552612,0.6959192752838135,0.8399055600166321,0.9749364852905273,0.9892058372497559
2018-02-01,0.6861177086830139,0.9454882740974426,0.932392954826355,0.8054755330085754,0.924468994140625,0.8862309455871582,0.7865397334098816,0.8100031018257141,0.9855332970619202,1.0269196033477783,0.9989801049232483,0.9555853009223938,0.8365757465362549,1.0368304252624512,0.6891358494758606,0.8332436084747314,0.9692881107330322,0.9996994137763977
2018-03-01,0.6819767355918884,0.945009708404541,0.9301900267601013,0.809840738773346,0.9195924401283264,0.8896538615226746,0.7815725803375244,0.806548535823822,0.9885439276695251,1.0248302221298218,0.9991568326950073,0.9537991881370544,0.854926347732544,0.9966788291931152,0.6899242401123047,0.8383781313896179,0.9743207693099976,0.9849564433097839
2018-04-01,0.6776708364486694,0.9455505013465881,0.9375124573707581,0.8060780167579651,0.9108935594558716,0.8825089931488037,0.7885817885398865,0.8076874017715454,0.981025755405426,1.028977870941162,1.0033032894134521,0.9529516696929932,0.8500708937644958,0.9975240230560303,0.6901278495788574,0.8406011462211609,0.9747390151023865,0.9826348423957825
2018-05-01,0.6676023602485657,0.9440346360206604,0.9353183507919312,0.7787901163101196,0.9185865521430969,0.8792739510536194,0.7839054465293884,0.8014250993728638,0.9710129499435425,1.0267513990402222,1.013918399810791,0.9547665119171143,0.8474397659301758,0.996562659740448,0.6838633418083191,0.8372777104377747,0.9803207516670227,0.9789077043533325
2018-06-01,0.6616172194480896,0.9436151385307312,0.9342958927154541,0.780368983745575,0.9111849665641785,0.8832176923751831,0.784409761428833,0.8029537796974182,0.9689503312110901,1.0246456861495972,1.0180302858352661,0.9566110372543335,0.842077910900116,0.9958934187889099,0.6789231896400452,0.8380175232887268,0.9780678153038025,0.9316285848617554
2018-07-01,0.6577306389808655,0.9438763856887817,0.9342402219772339,0.7723076939582825,0.8836222290992737,0.8804455995559692,0.7817599177360535,0.7978793978691101,0.9567134976387024,1.0262858867645264,1.020222783088684,0.9559429287910461,0.838027834892273,0.9958673715591431,0.670296847820282,0.8318919539451599,0.979160487651825,0.8793599009513855
2018-08-01,0.6530903577804565,0.9489232897758484,0.9375757575035095,0.7815374732017517,0.8745077848434448,0.8795247673988342,0.7731773853302002,0.8009161353111267,0.9539980292320251,1.0281858444213867,1.0189391374588013,0.957787036895752,0.8540591597557068,0.995769202709198,0.667927622795105,0.8293652534484863,0.9775891900062561,0.9342145323753357
2018-09-01,0.6509925127029419,0.945661723613739,0.9382160305976868,0.7706326842308044,0.9124478101730347,0.8743419051170349,0.7672011852264404,0.7960813045501709,0.9480832815170288,1.0311604738235474,1.0200190544128418,0.9545542597770691,0.8487439751625061,0.9954389929771423,0.6647424697875977,0.8302046060562134,0.9773130416870117,1.0104660987854004
2018-10-01,0.6515005826950073,0.950963020324707,0.9432479739189148,0.7729061245918274,0.9056222438812256,0.87183678150177,0.7506866455078125,0.7905682921409607,0.9481145739555359,1.0324335098266602,1.0196797847747803,0.9584994316101074,0.8568266034126282,0.9952201843261719,0.667285144329071,0.8388197422027588,0.9733376502990723,1.0549932718276978
2018-11-01,0.6154807806015015,0.944557785987854,0.944069504737854,0.7247961163520813,0.9026145935058594,0.8662529587745667,0.7059273719787598,0.7625141739845276,0.9453619718551636,1.0299054384231567,1.0190314054489136,0.9520660638809204,0.8056051135063171,0.9952986240386963,0.6292559504508972,0.8091704249382019,0.9720125794410706,1.0058292150497437
2018-12-01,0.6288761496543884,0.9429106116294861,0.9276716709136963,0.7386532425880432,0.9125301837921143,0.8732490539550781,0.7246531844139099,0.7689129114151001,0.9495035409927368,1.0294508934020996,1.0190602540969849,0.9560449719429016,0.8497627377510071,0.9905693531036377,0.641175389289856,0.820385217666626,0.9725515246391296,0.9729827046394348
2019-01-01,0.6349914073944092,0.9429106116294861,0.9314539432525635,0.7774899005889893,0.9096658229827881,0.8699734807014465,0.7363912463188171,0.7811232209205627,0.9383793473243713,1.0347561836242676,1.0143886804580688,0.9638509154319763,0.8709168434143066,0.9864090085029602,0.6431649327278137,0.8233208656311035,0.9681768417358398,0.9028688669204712
2019-02-01,0.6316545009613037,0.9457622170448303,0.9299337267875671,0.7277559041976929,0.9023885726928711,0.8806343078613281,0.7356471419334412,0.778917133808136,0.9498153924942017,1.038459300994873,1.0147781372070312,0.9655664563179016,0.8554306030273438,1.0478087663650513,0.635438859462738,0.8179131150245667,0.9689138531684875,0.9438884854316711
2019-03-01,0.6214689612388611,0.9439795017242432,0.9324397444725037,0.757294237613678,0.9114261269569397,0.8837189674377441,0.7337408661842346,0.7772228717803955,0.9504125118255615,1.0344343185424805,1.0090659856796265,0.9660228490829468,0.8666688203811646,0.9682965278625488,0.6247866153717041,0.8244196772575378,0.9684778451919556,0.9371578693389893
2019-04-01,0.615919828414917,0.9477142691612244,0.9283304214477539,0.7596978545188904,0.9095675349235535,0.8737249970436096,0.7288233041763306,0.7673761248588562,0.9510398507118225,1.0490310192108154,1.007209300994873,0.9641592502593994,0.8573811054229736,0.9860207438468933,0.610429584980011,0.820456862449646,0.9671877026557922,0.9287979006767273
2019-05-01,0.6063827276229858,0.9436812400817871,0.9244568347930908,0.7275620698928833,0.9148831367492676,0.8730943202972412,0.7277286052703857,0.7693012952804565,0.9491517543792725,1.0334242582321167,1.0081136226654053,0.9669285416603088,0.8502404689788818,1.0452442169189453,0.5968793630599976,0.8175117373466492,0.9630070328712463,0.8957762122154236
2019-06-01,0.6005417108535767,0.9393442273139954,0.9251362085342407,0.7470589876174927,0.9001193642616272,0.8827016949653625,0.7235215306282043,0.7750639319419861,0.9449052810668945,1.0429545640945435,1.0069305896759033,0.972172200679779,0.8455589413642883,1.0473695993423462,0.5881565809249878,0.8184500336647034,0.9607732892036438,0.8541149497032166
2019-07-01,0.5931635499000549,0.9427750706672668,0.9205846190452576,0.7346466183662415,0.8869135975837708,0.871405303478241,0.7193387746810913,0.7604743838310242,0.9406704306602478,1.0236880779266357,1.0071467161178589,0.9677408933639526,0.83765709400177,1.04586660861969,0.5745866298675537,0.8174381256103516,0.959973156452179,0.8203918933868408
2019-08-01,0.5874188542366028,0.9496430158615112,0.875030517578125,0.7384189367294312,0.8781518340110779,0.8797113299369812,0.725178599357605,0.7520605325698853,0.9443281292915344,1.0202016830444336,1.0052874088287354,0.9742397665977478,0.854454517364502,1.0427284240722656,0.5675387978553772,0.8140021562576294,0.9557361602783203,0.8786291480064392
2019-09-01,0.5858477354049683,0.9280579686164856,0.8250125050544739,0.7273883819580078,0.8654451370239258,0.870448887348175,0.715245246887207,0.731548547744751,0.9132311940193176,1.0220714807510376,0.9703086018562317,0.956015944480896,0.8559728860855103,1.0488017797470093,0.5659202337265015,0.8135554194450378,0.9153549075126648,0.9552990794181824
2019-10-01,0.5858714580535889,0.9162184000015259,0.8301218152046204,0.7311930060386658,0.8748035430908203,0.870676577091217,0.7205581665039062,0.7268603444099426,0.9284464716911316,1.0192229747772217,0.9699666500091553,0.955098569393158,0.8609433174133301,1.0575830936431885,0.5638757348060608,0.8133298754692078,0.9143931865692139,0.9678961038589478
2019-11-01,0.5467440485954285,0.912382185459137,0.8308553695678711,0.7142228484153748,0.8867887258529663,0.8688932657241821,0.6805247068405151,0.7042979001998901,0.9253960251808167,1.0393067598342896,0.9696462154388428,0.9458274841308594,0.8047987222671509,1.0718613862991333,0.539306104183197,0.797652006149292,0.9029155969619751,0.9757505059242249
2019-12-01,0.5481675863265991,0.9157288670539856,0.8293736577033997,0.7159032225608826,0.8759070634841919,0.8662588000297546,0.6521026492118835,0.6937099099159241,0.9280090928077698,1.028145670890808,0.9711913466453552,0.9442955255508423,0.8104531764984131,1.0741394758224487,0.5326172709465027,0.8194172978401184,0.8947287201881409,0.9542495012283325
2020-01-01,0.5689808130264282,0.9208126068115234,0.8361344337463379,0.7775198221206665,0.8828915357589722,0.8637122511863708,0.7014650106430054,0.7085838317871094,0.9264495372772217,1.028379201889038,0.9653322100639343,0.9484834671020508,0.8510335683822632,1.0852926969528198,0.5565470457077026,0.8825153708457947,0.8996595740318298,1.0272446870803833
2020-02-01,0.5604569911956787,0.9176614880561829,0.8365514278411865,0.7410567402839661,0.879860520362854,0.8457980155944824,0.7065573334693909,0.6952744722366333,0.9256000518798828,1.0468167066574097,0.9685165882110596,0.9465076327323914,0.8354302644729614,1.1475087404251099,0.5469552278518677,0.8844842910766602,0.8906973600387573,1.029543399810791
2020-03-01,0.563480794429779,0.9082068204879761,0.844113826751709,0.7633509635925293,0.8714016079902649,0.8488293290138245,0.6914969682693481,0.7030874490737915,0.9175477623939514,1.0350605249404907,0.9643135666847229,0.9473970532417297,0.8564872741699219,1.0761154890060425,0.55784010887146,0.8767300248146057,0.8701911568641663,0.9903643727302551
2020-04-01,0.5677927732467651,0.92280113697052,0.8551859855651855,0.748729407787323,0.9263404607772827,0.8623799085617065,0.7017045617103577,0.7157421112060547,0.9485653042793274,1.0572243928909302,0.987036406993866,0.9525409936904907,0.8534353971481323,1.1000299453735352,0.5748528242111206,0.8904116749763489,0.9100218415260315,0.8719199895858765
2020-05-01,0.5652862787246704,0.9317280054092407,0.877296507358551,0.7464372515678406,0.9150488376617432,0.8840877413749695,0.7129878997802734,0.7321346402168274,0.9781203866004944,1.0714435577392578,1.0086597204208374,0.9625777006149292,0.8516854047775269,1.140821099281311,0.5897693634033203,0.9227815866470337,0.9441285133361816,0.867169976234436
2020-06-01,0.5619794726371765,0.9343984723091125,0.8775671720504761,0.768909215927124,0.9164893627166748,0.8919063806533813,0.7102311253547668,0.7433554530143738,0.9784234762191772,1.071927547454834,1.0075350999832153,0.965297520160675,0.863581120967865,1.1226707696914673,0.5925567150115967,0.9303197860717773,0.9459896087646484,0.8909741640090942
2020-07-01,0.5605694055557251,0.9298297166824341,0.8760121464729309,0.7671729922294617,0.9158670902252197,0.891169548034668,0.7145438194274902,0.7388874888420105,0.9784218668937683,1.0696369409561157,1.012826919555664,0.9644555449485779,0.8721364140510559,1.1243661642074585,0.5705204606056213,0.9376423954963684,0.9500200748443604,0.850031852722168
2020-08-01,0.5588464140892029,0.9336260557174683,0.8694478273391724,0.7778792977333069,0.9491853713989258,0.882451057434082,0.7141239047050476,0.7422431111335754,0.9800723195075989,1.0701496601104736,1.0182026624679565,0.9629776477813721,0.8801971673965454,1.1305989027023315,0.5677414536476135,0.9404427409172058,0.940849781036377,0.869830846786499
2020-09-01,0.5579455494880676,0.9338105320930481,0.870098352432251,0.7840908765792847,0.9814133048057556,0.8869684934616089,0.7164194583892822,0.7425177097320557,0.9847741723060608,1.071367859840393,1.0268458127975464,0.9613568782806396,0.8713346719741821,1.1347111463546753,0.5648616552352905,0.9420391917228699,0.9577116370201111,0.9151367545127869
2020-10-01,0.5498116612434387,0.9319690465927124,0.8699711561203003,0.777829647064209,0.9892367124557495,0.8880538940429688,0.6917694211006165,0.7393355965614319,0.9814460873603821,1.0719263553619385,1.02528977394104,0.9584394097328186,0.8824803829193115,1.131533145904541,0.5580757260322571,0.9373031854629517,0.9559574723243713,1.0231175422668457
2020-11-01,0.5270581245422363,0.9264501929283142,0.8566873073577881,0.7225284576416016,0.9484785795211792,0.8788524270057678,0.6680045127868652,0.724486231803894,0.9792842864990234,1.0709658861160278,1.030957579612732,0.9434654712677002,0.8441254496574402,1.1161926984786987,0.5456152558326721,0.8949453830718994,0.9418386816978455,0.9542285799980164
2020-12-01,0.5409796237945557,0.9377118349075317,0.8587840795516968,0.7512199878692627,0.9477896690368652,0.8825152516365051,0.6756225228309631,0.7252728939056396,0.9791470766067505,1.0681439638137817,1.0371657609939575,0.9516209959983826,0.8676490187644958,1.1321754455566406,0.5479631423950195,0.9291689991950989,0.9387161731719971,0.9653244018554688
2021-01-01,0.5565426349639893,0.9425232410430908,0.8642986416816711,0.8023801445960999,0.9508592486381531,0.8925362229347229,0.7064293026924133,0.7361631989479065,0.979886531829834,1.0717560052871704,1.0283210277557373,0.9656762480735779,0.8965557813644409,1.124262809753418,0.5531814694404602,0.9470889568328857,0.9247201681137085,0.955557644367218
2021-02-01,0.5497713685035706,0.9398271441459656,0.8644270896911621,0.7650432586669922,0.9460726380348206,0.8898583650588989,0.7023310661315918,0.7341378927230835,0.9841182827949524,1.0740991830825806,1.030138373374939,0.9658295512199402,0.8838169574737549,1.1220784187316895,0.5417172312736511,0.9519773721694946,0.9253652691841125,0.9511997103691101
2021-03-01,0.5499375462532043,0.9406377673149109,0.8609210252761841,0.7975494861602783,0.9341830611228943,0.8969322443008423,0.6928220987319946,0.7380966544151306,0.9854655861854553,1.0748980045318604,1.0365971326828003,0.9697079062461853,0.8956203460693359,1.1220784187316895,0.5400446057319641,0.9503471851348877,0.9247738718986511,0.9571869373321533
2021-04-01,0.550462007522583,0.9431261420249939,0.8586110472679138,0.7764868140220642,0.9329638481140137,0.8965123295783997,0.6857924461364746,0.7372867465019226,0.9860751032829285,1.076485514640808,1.0336030721664429,0.9711211323738098,0.8888343572616577,1.134630560874939,0.5394160747528076,0.9529218673706055,0.9221020936965942,0.9744475483894348
2021-05-01,0.550427258014679,0.9391714930534363,0.8612254858016968,0.7703590393066406,0.9388113021850586,0.9008086323738098,0.6916819214820862,0.7366988658905029,0.9866817593574524,1.0760635137557983,1.0279501676559448,0.9739752411842346,0.880486249923706,1.1401675939559937,0.5404114127159119,0.9539046287536621,0.9207381010055542,0.988946795463562
2021-06-01,0.5479046106338501,0.9420958757400513,0.845948338508606,0.772006094455719,0.9349855184555054,0.8954852223396301,0.6805731654167175,0.7379121780395508,0.9861541390419006,1.076982021331787,1.0481897592544556,0.973783552646637,0.8836013674736023,1.140831470489502,0.535460889339447,0.9624929428100586,0.9370853900909424,1.0355137586593628
2021-07-01,0.5491228103637695,0.9412521123886108,0.8540055751800537,0.764930248260498,0.9365452527999878,0.8990304470062256,0.6856263875961304,0.7368450164794922,0.991813600063324,1.083287239074707,1.0701251029968262,0.9794862866401672,0.887992262840271,1.1458144187927246,0.5307479500770569,0.9707956910133362,0.9649795889854431,0.9797165989875793
2021-08-01,0.5486946105957031,0.9438449144363403,0.8561846017837524,0.784191906452179,0.9339166283607483,0.9053964018821716,0.6791431903839111,0.7416083812713623,0.9985953569412231,1.087699294090271,1.0656954050064087,0.9873330593109131,0.897868275642395,1.147217869758606,0.5327640175819397,0.9730716943740845,0.9712855219841003,1.0048326253890991
2021-09-01,0.5495213866233826,0.940171480178833,0.8608244061470032,0.768684983253479,0.9447299242019653,0.9098891615867615,0.6835740208625793,0.743145763874054,1.006339430809021,1.095114827156067,1.060854434967041,0.9933242201805115,0.895362377166748,1.2189159393310547,0.5316376686096191,0.9758763909339905,0.9730871319770813,1.073155403137207
2021-10-01,0.5465145111083984,0.9396167397499084,0.8670034408569336,0.7554414868354797,0.9346941113471985,0.914901852607727,0.6730207204818726,0.7441049218177795,1.0082356929779053,1.105806589126587,1.062019944190979,1.003817081451416,0.9018325805664062,1.2914997339248657,0.5315696001052856,0.9802772402763367,0.9750114679336548,1.1234363317489624
2021-11-01,0.5247358679771423,0.9183092713356018,0.8433313369750977,0.6958370208740234,0.9266166687011719,0.9044097065925598,0.6485781669616699,0.7347015738487244,1.0138942003250122,1.1126124858856201,1.0596407651901245,1.0088008642196655,0.8775384426116943,1.2889916896820068,0.5148666501045227,0.9553406238555908,0.9955809116363525,1.1189427375793457
2021-12-01,0.526877224445343,0.9385488629341125,0.8585394024848938,0.7339394092559814,0.928365170955658,0.9115280508995056,0.6443472504615784,0.7327555418014526,1.0137089490890503,1.1204769611358643,1.0698261260986328,1.0187242031097412,0.9036049842834473,1.2683563232421875,0.5137160420417786,0.9662868976593018,1.0009504556655884,1.1256240606307983
2022-01-01,0.5374114513397217,0.9466501474380493,0.8775869607925415,0.7737592458724976,0.931470513343811,0.9284714460372925,0.6643208265304565,0.747464120388031,1.0255649089813232,1.1341768503189087,1.0703911781311035,1.0327657461166382,0.9238256216049194,1.2310802936553955,0.5217798948287964,0.9775911569595337,1.0003881454467773,1.106061577796936
2022-02-01,0.5321669578552246,0.9525450468063354,0.8799161314964294,0.7531985640525818,0.9457976818084717,0.9317725896835327,0.6687812805175781,0.7513735890388489,1.0390831232070923,1.1559544801712036,1.0790427923202515,1.040903925895691,0.9199999570846558,1.2897340059280396,0.5184066891670227,0.9815361499786377,0.9993671774864197,1.1096267700195312
2022-03-01,0.5269429683685303,0.9535676836967468,0.8831949830055237,0.7629992365837097,0.9353698492050171,0.9367678761482239,0.6617166996002197,0.7576665878295898,1.0545787811279297,1.171705722808838,1.0836458206176758,1.0522491931915283,0.9384401440620422,1.2561757564544678,0.5124363303184509,0.9588316082954407,1.0104553699493408,1.1130845546722412
2022-04-01,0.5220210552215576,0.9556991457939148,0.8778294324874878,0.7494878172874451,0.9300039410591125,0.9348908066749573,0.6554964184761047,0.7568861246109009,1.0644936561584473,1.1868807077407837,1.0885720252990723,1.05851411819458,0.9398307800292969,1.2487683296203613,0.5086721181869507,0.9735792279243469,1.016518473625183,1.0945367813110352
2022-05-01,0.5148887038230896,0.9555097222328186,0.8878284692764282,0.7454136610031128,0.9254488348960876,0.9348649382591248,0.6467721462249756,0.7554031610488892,1.0764175653457642,1.202481746673584,1.0963112115859985,1.0690066814422607,0.9258002638816833,1.2595093250274658,0.5023308992385864,0.946271538734436,1.023497462272644,1.0782570838928223
2022-06-01,0.5080117583274841,0.9596807956695557,0.8872340321540833,0.7579004168510437,0.9205598831176758,0.9369853138923645,0.6478039622306824,0.7572536468505859,1.0980421304702759,1.2109875679016113,1.104453682899475,1.075406551361084,0.9185570478439331,1.2134627103805542,0.49236226081848145,0.9594544172286987,1.0356773138046265,1.0345094203948975
2022-07-01,0.4979435205459595,0.9585477113723755,0.878960132598877,0.7412434816360474,0.9038471579551697,0.931464672088623,0.6292645931243896,0.7514328956604004,1.1168930530548096,1.2284215688705444,1.1120465993881226,1.085648536682129,0.9124445915222168,1.190737247467041,0.47648102045059204,0.9520627856254578,1.0311752557754517,0.9697704315185547
2022-08-01,0.49358728528022766,0.9693336486816406,0.8803816437721252,0.7683212757110596,0.9148248434066772,0.9384616017341614,0.6486656665802002,0.7551674246788025,1.1254500150680542,1.2415413856506348,1.1153113842010498,1.0948089361190796,0.9177811145782471,1.185568928718567,0.4655025601387024,0.9429842233657837,1.0316516160964966,1.054381012916565
2022-09-01,0.487548291683197,0.9643118381500244,0.8884685635566711,0.7508741021156311,0.9094361662864685,0.9365273118019104,0.6474908590316772,0.7510972023010254,1.1255508661270142,1.2517122030258179,1.119443655014038,1.0977240800857544,0.9043729305267334,1.1951467990875244,0.45675358176231384,0.9388391971588135,1.036918044090271,1.124032735824585
2022-10-01,0.4759178161621094,0.9673665761947632,0.8771396279335022,0.7380974292755127,0.9071727395057678,0.9341219067573547,0.6251165866851807,0.7446059584617615,1.1277161836624146,1.2608048915863037,1.108056902885437,1.1019035577774048,0.901485025882721,1.1694631576538086,0.44465458393096924,0.9412211179733276,1.03902006149292,1.1807608604431152
2022-11-01,0.4546380341053009,0.9348618388175964,0.8691072463989258,0.6746072769165039,0.8944990634918213,0.9098751544952393,0.5987390279769897,0.7191682457923889,1.1255483627319336,1.2649359703063965,1.1243864297866821,1.0988489389419556,0.8523483872413635,1.0973907709121704,0.4221216142177582,0.9004409909248352,1.0486496686935425,1.1552948951721191
2022-12-01,0.46340787410736084,0.9531854391098022,0.8751524686813354,0.7245074510574341,0.9034410119056702,0.9312346577644348,0.5986210703849792,0.7128081917762756,1.124764084815979,1.2714109420776367,1.1334606409072876,1.103676438331604,0.884838342666626,1.0084435939788818,0.43057796359062195,0.909466564655304,1.0419217348098755,1.1360262632369995
2023-01-01,0.47336000204086304,0.9649320840835571,0.8805225491523743,0.7667851448059082,0.903693675994873,0.9360581636428833,0.6278098821640015,0.7213572859764099,1.1332930326461792,1.2768980264663696,1.1343117952346802,1.1044673919677734,0.901089608669281,0.9651410579681396,0.43956395983695984,0.9152268171310425,1.0438392162322998,1.1620186567306519
2023-02-01,0.46527281403541565,1.010741949081421,0.8832381963729858,0.737241268157959,0.9064794778823853,0.9308815002441406,0.6254189014434814,0.7227189540863037,1.150423288345337,1.2871949672698975,1.14058518409729,1.1050077676773071,0.8846412301063538,0.9668166041374207,0.4333638846874237,0.9155060052871704,1.046584129333496,1.1656757593154907
2023-03-01,0.45915842056274414,0.9955239295959473,0.8836714625358582,0.749313473701477,0.8979653716087341,0.9282248616218567,0.6178484559059143,0.7203466892242432,1.1722807884216309,1.2922922372817993,1.1485576629638672,1.104358196258545,0.8920491933822632,0.9512797594070435,0.4221646785736084,0.8975285291671753,1.050194263458252,1.1868245601654053
2023-04-01,0.46126270294189453,0.9845091104507446,0.8757540583610535,0.7237904071807861,0.901005744934082,0.922711968421936,0.6166535019874573,0.7143148183822632,1.1849583387374878,1.297080159187317,1.155423879623413,1.1037883758544922,0.8735296726226807,0.9120038747787476,0.43019068241119385,0.9112822413444519,1.0537841320037842,1.1622084379196167
2023-05-01,0.45287299156188965,0.9815425276756287,0.881043016910553,0.7258619666099548,0.8968181610107422,0.9102858901023865,0.612183153629303,0.7076533436775208,1.1860607862472534,1.3012372255325317,1.1576591730117798,1.100724458694458,0.853030264377594,0.9092969298362732,0.419694721698761,0.8763282299041748,1.0556336641311646,1.1470776796340942
2023-06-01,0.44264647364616394,0.9843441247940063,0.8785632252693176,0.7475208044052124,0.8958455324172974,0.9052321910858154,0.6144106388092041,0.7064313888549805,1.1872775554656982,1.3023626804351807,1.1606807708740234,1.0977931022644043,0.8423225283622742,0.8536341190338135,0.4092004597187042,0.8907492160797119,1.0601719617843628,1.1082944869995117
2023-07-01,0.43977826833724976,0.9799014329910278,0.8686588406562805,0.7283997535705566,0.8926883339881897,0.8990399241447449,0.6051310300827026,0.7018564343452454,1.1866776943206787,1.3059988021850586,1.16193687915802,1.096787452697754,0.8394982218742371,0.8144534230232239,0.40319153666496277,0.8889287114143372,1.0586892366409302,1.085045337677002
2023-08-01,0.43611863255500793,0.9921846985816956,0.864946186542511,0.7597910761833191,0.8971635699272156,0.9057800769805908,0.6057552099227905,0.7035684585571289,1.1877846717834473,1.3039238452911377,1.166165828704834,1.1004602909088135,0.8506407737731934,0.8132278323173523,0.39924317598342896,0.8765761256217957,1.064094066619873,1.0930289030075073
2023-09-01,0.42943909764289856,0.9864799976348877,0.8732817769050598,0.7324549555778503,0.8913396596908569,0.9023893475532532,0.6037556529045105,0.7024251818656921,1.1879606246948242,1.30772864818573,1.1732043027877808,1.0989432334899902,0.8360541462898254,0.8294882774353027,0.4008704423904419,0.8734391927719116,1.0744670629501343,1.0940806865692139
2023-10-01,0.4172942042350769,0.9924941658973694,0.8770718574523926,0.7343123555183411,0.8862249851226807,0.8946962952613831,0.5922794342041016,0.6985999941825867,1.1882303953170776,1.308712363243103,1.1777005195617676,1.0990606546401978,0.841823160648346,0.8367980718612671,0.3778190016746521,0.8791923522949219,1.076845407485962,1.0808327198028564
2023-11-01,0.40981075167655945,0.9464855194091797,0.8564721941947937,0.6607992053031921,0.8725194931030273,0.8675868511199951,0.5607982873916626,0.6741172671318054,1.1722112894058228,1.3086833953857422,1.1784569025039673,1.0897268056869507,0.7871131300926208,0.8126941919326782,0.37242376804351807,0.8458321690559387,1.0681859254837036,1.0121513605117798
2023-12-01,0.419784277677536,0.9813451170921326,0.8647861480712891,0.7120051383972168,0.8876694440841675,0.8820497393608093,0.5615248680114746,0.6855502128601074,1.1805734634399414,1.309456467628479,1.178687334060669,1.0938864946365356,0.8230314254760742,0.8175299763679504,0.38260501623153687,0.855745255947113,1.0757254362106323,1.0374032258987427
2024-01-01,0.4255272150039673,0.9939413070678711,0.87921541929245,0.7577239871025085,0.8895557522773743,0.8900898098945618,0.5959943532943726,0.6974176168441772,1.187428593635559,1.314017653465271,1.1751633882522583,1.0942838191986084,0.8385927081108093,0.8287991285324097,0.3974652886390686,0.8649476170539856,1.0816570520401,1.043498158454895
2024-02-01,0.42007049918174744,1.0010675191879272,0.8740759491920471,0.721208393573761,0.8918822407722473,0.8828150629997253,0.5977963209152222,0.6974656581878662,1.1865050792694092,1.3216592073440552,1.1811535358428955,1.0927104949951172,0.8195846080780029,0.8698505759239197,0.3896806836128235,0.8712062835693359,1.0789048671722412,1.0463640689849854
2024-03-01,0.4192647635936737,0.9925545454025269,0.8700149059295654,0.7557582855224609,0.8861567974090576,0.885452926158905,0.5814638137817383,0.694803774356842,1.1862071752548218,1.3251876831054688,1.185763955116272,1.0922578573226929,0.8282010555267334,0.8428151607513428,0.38845402002334595,0.854792058467865,1.0822526216506958,1.0437783002853394
2024-04-01,0.4169410169124603,0.9933701157569885,0.8787410855293274,0.7461976408958435,0.8753376603126526,0.8743462562561035,0.5906064510345459,0.6878951191902161,1.186192274093628,1.3304264545440674,1.1864360570907593,1.0893727540969849,0.8110412359237671,0.8357890844345093,0.391845166683197,0.8668908476829529,1.0831012725830078,1.0383421182632446
2024-05-01,0.4174840748310089,0.9978932738304138,0.8770416975021362,0.7367526888847351,0.8756630420684814,0.862622857093811,0.5807889699935913,0.6836111545562744,1.1756205558776855,1.3286216259002686,1.1905097961425781,1.088361144065857,0.8052785992622375,0.845187246799469,0.39184517,0.8382371068000793,1.0778717994689941,1.0202267169952393
